pseudo;nom;prenom;telephone;mail;motPasse;admin;actif;campus
toto1;aa1;bb1;012152030;toto1@aol.com;toto;0;0;1
toto2;aa2;bb2;012152031;toto2@aol.com;toto;0;0;1
toto3;aa3;bb3;012152032;toto3@aol.com;toto;0;0;1
toto4;aa4;bb4;012152033;toto4@aol.com;toto;0;0;1
toto5;aa5;bb5;012152034;toto5@aol.com;toto;0;0;1
toto6;aa6;bb6;012152035;toto6@aol.com;toto;0;0;1
toto7;aa7;bb7;012152036;toto7@aol.com;toto;0;0;1
toto8;aa8;bb8;012152037;toto8@aol.com;toto;0;0;1
toto9;aa9;bb9;012152038;toto9@aol.com;toto;0;0;1
toto10;aa10;bb10;012152039;toto10@aol.com;toto;0;0;1
